Experiment Time,Iteration,Submission Function,IoU,Dice,Precision,Recall,Output Json Path
250423_130331,1,submission_1_2023220397,0.5808399018515802,0.6579395963723639,0.6538408244397654,0.6981011932913418,250423_130331_submission_1_2023220397_Iter_1_detection_results.json
250423_130600,2,submission_1_2023220397,0.5671665467791135,0.6493245033773715,0.6250138722135035,0.7329003877046394,250423_130600_submission_1_2023220397_Iter_2_detection_results.json
